"id_activo","seccion_lms","archivo","fuente","version","estado_editorial","responsable","licencia_autoria","checksum_sha256","destino_lms","qa","evidencia"
"B00-CONTENIDO","Bienvenida","video-00-bienvenida.md","https://github.com/Language-Center-Chile/automatiza-en-pasos/pull/5","v1","PARA_REVISION","Katherine","PENDIENTE","PENDIENTE","curso/automatiza-tu-negocio-7-pasos/bienvenida/contenido","PENDIENTE",""
"M01-CONTENIDO","Módulo 1","modulo-01-diagnostico-priorizacion.md","https://github.com/Language-Center-Chile/automatiza-en-pasos/pull/13","v1","PARA_REVISION","Katherine","PENDIENTE","PENDIENTE","curso/automatiza-tu-negocio-7-pasos/modulo-01-diagnostico/contenido","PENDIENTE",""
"M02-CONTENIDO","Módulo 2","modulo-02-crm-ecosistema.md","https://github.com/Language-Center-Chile/automatiza-en-pasos/pull/14","v1","PARA_REVISION","Katherine","PENDIENTE","PENDIENTE","curso/automatiza-tu-negocio-7-pasos/modulo-02-crm/contenido","PENDIENTE",""
"M03-CONTENIDO","Módulo 3","modulo-03-ia-aplicada.md","https://github.com/Language-Center-Chile/automatiza-en-pasos/pull/15","v1","PARA_REVISION","Katherine","PENDIENTE","PENDIENTE","curso/automatiza-tu-negocio-7-pasos/modulo-03-ia-aplicada/contenido","PENDIENTE",""
"M04-CONTENIDO","Módulo 4","modulo-04-n8n-esencial.md","https://github.com/Language-Center-Chile/automatiza-en-pasos/pull/16","v1","PARA_REVISION","Katherine","PENDIENTE","PENDIENTE","curso/automatiza-tu-negocio-7-pasos/modulo-04-n8n/contenido","PENDIENTE",""
"M05-CONTENIDO","Módulo 5","modulo-05-captacion-seguimiento.md","https://github.com/Language-Center-Chile/automatiza-en-pasos/pull/17","v1","PARA_REVISION","Katherine","PENDIENTE","PENDIENTE","curso/automatiza-tu-negocio-7-pasos/modulo-05-captacion/contenido","PENDIENTE",""
"M06-CONTENIDO","Módulo 6","modulo-06-mvp-documentado.md","https://github.com/Language-Center-Chile/automatiza-en-pasos/pull/18","v1","PARA_REVISION","Katherine","PENDIENTE","PENDIENTE","curso/automatiza-tu-negocio-7-pasos/modulo-06-mvp/contenido","PENDIENTE",""
"M07-CONTENIDO","Módulo 7","modulo-07-implementacion-roadmap.md","https://github.com/Language-Center-Chile/automatiza-en-pasos/pull/19","v1","PARA_REVISION","Katherine","PENDIENTE","PENDIENTE","curso/automatiza-tu-negocio-7-pasos/modulo-07-implementacion/contenido","PENDIENTE",""
"EF-CONTENIDO","Evaluación final","evaluacion-final-7-pasos.md","https://github.com/Language-Center-Chile/automatiza-en-pasos/pull/20","v1","PARA_REVISION","Katherine","PENDIENTE","PENDIENTE","curso/automatiza-tu-negocio-7-pasos/evaluacion-final","PENDIENTE",""
"WB-DESCARGABLE","Descargables","Automatiza_tu_Negocio_7_Pasos_Workbook_PARA_REVISION.xlsx","https://github.com/Language-Center-Chile/automatiza-en-pasos/pull/4","v1","PARA_REVISION","Katherine","PENDIENTE","PENDIENTE","curso/automatiza-tu-negocio-7-pasos/descargables/workbook","PENDIENTE",""
"LMS-GUIA","Administración","guia-empaquetado-carga-lms.md","https://github.com/Language-Center-Chile/automatiza-en-pasos/pull/21","v1","PARA_REVISION","Katherine","PENDIENTE","PENDIENTE","curso/automatiza-tu-negocio-7-pasos/administracion","PENDIENTE",""
"V00-MASTER","Bienvenida","LC_ATN7P_VIDEO_00_BIENVENIDA_v1.mp4","https://github.com/Language-Center-Chile/automatiza-en-pasos/pull/5","v1","BLOQUEADO","Producción audiovisual","PENDIENTE","PENDIENTE","curso/automatiza-tu-negocio-7-pasos/bienvenida/video","PENDIENTE","Falta archivo MP4 final verificable"
"V00-SRT","Bienvenida","LC_ATN7P_VIDEO_00_BIENVENIDA_es-CL_v1.srt","","v1","BLOQUEADO","Producción audiovisual","PENDIENTE","PENDIENTE","curso/automatiza-tu-negocio-7-pasos/bienvenida/subtitulos","PENDIENTE","Falta archivo SRT sincronizado"
"V00-TRANSCRIPCION","Bienvenida","LC_ATN7P_VIDEO_00_BIENVENIDA_transcripcion_v1.pdf","","v1","BLOQUEADO","Producción audiovisual","PENDIENTE","PENDIENTE","curso/automatiza-tu-negocio-7-pasos/bienvenida/transcripcion","PENDIENTE","Falta transcripción del video final"
"V01-MASTER","Módulo 1","LC_ATN7P_VIDEO_01_DIAGNOSTICO_v1.mp4","https://github.com/Language-Center-Chile/automatiza-en-pasos/pull/6","v1","BLOQUEADO","Producción audiovisual","PENDIENTE","PENDIENTE","curso/automatiza-tu-negocio-7-pasos/modulo-01-diagnostico/video","PENDIENTE","Falta archivo MP4 final verificable"
"V01-SRT","Módulo 1","LC_ATN7P_VIDEO_01_DIAGNOSTICO_es-CL_v1.srt","","v1","BLOQUEADO","Producción audiovisual","PENDIENTE","PENDIENTE","curso/automatiza-tu-negocio-7-pasos/modulo-01-diagnostico/subtitulos","PENDIENTE","Falta archivo SRT sincronizado"
"V01-TRANSCRIPCION","Módulo 1","LC_ATN7P_VIDEO_01_DIAGNOSTICO_transcripcion_v1.pdf","","v1","BLOQUEADO","Producción audiovisual","PENDIENTE","PENDIENTE","curso/automatiza-tu-negocio-7-pasos/modulo-01-diagnostico/transcripcion","PENDIENTE","Falta transcripción del video final"
"V02-MASTER","Módulo 2","LC_ATN7P_VIDEO_02_CRM_v1.mp4","https://github.com/Language-Center-Chile/automatiza-en-pasos/pull/7","v1","BLOQUEADO","Producción audiovisual","PENDIENTE","PENDIENTE","curso/automatiza-tu-negocio-7-pasos/modulo-02-crm/video","PENDIENTE","Falta archivo MP4 final verificable"
"V02-SRT","Módulo 2","LC_ATN7P_VIDEO_02_CRM_es-CL_v1.srt","","v1","BLOQUEADO","Producción audiovisual","PENDIENTE","PENDIENTE","curso/automatiza-tu-negocio-7-pasos/modulo-02-crm/subtitulos","PENDIENTE","Falta archivo SRT sincronizado"
"V02-TRANSCRIPCION","Módulo 2","LC_ATN7P_VIDEO_02_CRM_transcripcion_v1.pdf","","v1","BLOQUEADO","Producción audiovisual","PENDIENTE","PENDIENTE","curso/automatiza-tu-negocio-7-pasos/modulo-02-crm/transcripcion","PENDIENTE","Falta transcripción del video final"
"V03-MASTER","Módulo 3","LC_ATN7P_VIDEO_03_IA_APLICADA_v1.mp4","https://docs.google.com/document/d/1vmvr3ZEzOmImhSWjgoKAelUIka2X6mZ17KrUykQ75g4/edit","v1","BLOQUEADO","Producción audiovisual","PENDIENTE","PENDIENTE","curso/automatiza-tu-negocio-7-pasos/modulo-03-ia-aplicada/video","PENDIENTE","Falta archivo MP4 final verificable"
"V03-SRT","Módulo 3","LC_ATN7P_VIDEO_03_IA_APLICADA_es-CL_v1.srt","","v1","BLOQUEADO","Producción audiovisual","PENDIENTE","PENDIENTE","curso/automatiza-tu-negocio-7-pasos/modulo-03-ia-aplicada/subtitulos","PENDIENTE","Falta archivo SRT sincronizado"
"V03-TRANSCRIPCION","Módulo 3","LC_ATN7P_VIDEO_03_IA_APLICADA_transcripcion_v1.pdf","","v1","BLOQUEADO","Producción audiovisual","PENDIENTE","PENDIENTE","curso/automatiza-tu-negocio-7-pasos/modulo-03-ia-aplicada/transcripcion","PENDIENTE","Falta transcripción del video final"
"V04-MASTER","Módulo 4","LC_ATN7P_VIDEO_04_N8N_v1.mp4","https://github.com/Language-Center-Chile/automatiza-en-pasos/pull/8","v1","BLOQUEADO","Producción audiovisual","PENDIENTE","PENDIENTE","curso/automatiza-tu-negocio-7-pasos/modulo-04-n8n/video","PENDIENTE","Falta archivo MP4 final verificable"
"V04-SRT","Módulo 4","LC_ATN7P_VIDEO_04_N8N_es-CL_v1.srt","","v1","BLOQUEADO","Producción audiovisual","PENDIENTE","PENDIENTE","curso/automatiza-tu-negocio-7-pasos/modulo-04-n8n/subtitulos","PENDIENTE","Falta archivo SRT sincronizado"
"V04-TRANSCRIPCION","Módulo 4","LC_ATN7P_VIDEO_04_N8N_transcripcion_v1.pdf","","v1","BLOQUEADO","Producción audiovisual","PENDIENTE","PENDIENTE","curso/automatiza-tu-negocio-7-pasos/modulo-04-n8n/transcripcion","PENDIENTE","Falta transcripción del video final"
"V05-MASTER","Módulo 5","LC_ATN7P_VIDEO_05_CAPTACION_v1.mp4","https://github.com/Language-Center-Chile/automatiza-en-pasos/pull/9","v1","BLOQUEADO","Producción audiovisual","PENDIENTE","PENDIENTE","curso/automatiza-tu-negocio-7-pasos/modulo-05-captacion/video","PENDIENTE","Falta archivo MP4 final verificable"
"V05-SRT","Módulo 5","LC_ATN7P_VIDEO_05_CAPTACION_es-CL_v1.srt","","v1","BLOQUEADO","Producción audiovisual","PENDIENTE","PENDIENTE","curso/automatiza-tu-negocio-7-pasos/modulo-05-captacion/subtitulos","PENDIENTE","Falta archivo SRT sincronizado"
"V05-TRANSCRIPCION","Módulo 5","LC_ATN7P_VIDEO_05_CAPTACION_transcripcion_v1.pdf","","v1","BLOQUEADO","Producción audiovisual","PENDIENTE","PENDIENTE","curso/automatiza-tu-negocio-7-pasos/modulo-05-captacion/transcripcion","PENDIENTE","Falta transcripción del video final"
"V06-MASTER","Módulo 6","LC_ATN7P_VIDEO_06_MVP_v1.mp4","https://github.com/Language-Center-Chile/automatiza-en-pasos/pull/10","v1","BLOQUEADO","Producción audiovisual","PENDIENTE","PENDIENTE","curso/automatiza-tu-negocio-7-pasos/modulo-06-mvp/video","PENDIENTE","Falta archivo MP4 final verificable"
"V06-SRT","Módulo 6","LC_ATN7P_VIDEO_06_MVP_es-CL_v1.srt","","v1","BLOQUEADO","Producción audiovisual","PENDIENTE","PENDIENTE","curso/automatiza-tu-negocio-7-pasos/modulo-06-mvp/subtitulos","PENDIENTE","Falta archivo SRT sincronizado"
"V06-TRANSCRIPCION","Módulo 6","LC_ATN7P_VIDEO_06_MVP_transcripcion_v1.pdf","","v1","BLOQUEADO","Producción audiovisual","PENDIENTE","PENDIENTE","curso/automatiza-tu-negocio-7-pasos/modulo-06-mvp/transcripcion","PENDIENTE","Falta transcripción del video final"
"V07-MASTER","Módulo 7","LC_ATN7P_VIDEO_07_IMPLEMENTACION_v1.mp4","https://github.com/Language-Center-Chile/automatiza-en-pasos/pull/11","v1","BLOQUEADO","Producción audiovisual","PENDIENTE","PENDIENTE","curso/automatiza-tu-negocio-7-pasos/modulo-07-implementacion/video","PENDIENTE","Falta archivo MP4 final verificable"
"V07-SRT","Módulo 7","LC_ATN7P_VIDEO_07_IMPLEMENTACION_es-CL_v1.srt","","v1","BLOQUEADO","Producción audiovisual","PENDIENTE","PENDIENTE","curso/automatiza-tu-negocio-7-pasos/modulo-07-implementacion/subtitulos","PENDIENTE","Falta archivo SRT sincronizado"
"V07-TRANSCRIPCION","Módulo 7","LC_ATN7P_VIDEO_07_IMPLEMENTACION_transcripcion_v1.pdf","","v1","BLOQUEADO","Producción audiovisual","PENDIENTE","PENDIENTE","curso/automatiza-tu-negocio-7-pasos/modulo-07-implementacion/transcripcion","PENDIENTE","Falta transcripción del video final"
